{
  "Component-dbg.js": 1700544624084,
  "model/models.js": 1700544624092,
  "controller/View.controller.js": 1700544624104,
  "controller/App.controller.js": 1700544624096,
  "manifest.json": 1700544750930,
  "Component.js": 1700544624084,
  "i18n/i18n.properties": 1700544624088,
  "Component.js.map": 1700544751209,
  "controller/View-dbg.controller.js": 1700544624104,
  "controller/View.controller.js.map": 1700544751201,
  "controller/App-dbg.controller.js": 1700544624096,
  "controller/App.controller.js.map": 1700544751206,
  "model/models-dbg.js": 1700544624092,
  "model/models.js.map": 1700544751206,
  "Component-preload.js": 1700544751576,
  "Component-preload.js.map": 1700544751576,
  "view/View.view.xml": 1700544624100,
  "view/App.view.xml": 1700544624100,
  "css/style.css": 1700544624096,
  "index.html": 1700544624088
}